{
	"id": "szimfonia-dice-roller",
	"title": "Szimfonia Dice Roller",
	"description": "Adds the ability to roll a Szimfonia die",
	"version": "1.1.0",
	"compatibility": {
		"minimum": "11",
		"verified": "13.350"
	},
	"authors": [
		{
			"name": "JDW"
		},
		{
			"name": "Jonny"
		}
	],
	"relationships": [
		{
			"type": "requires",
			"id": "dice-so-nice"
		}
	],
	"esmodules": [
		"./modules/szimfonia.js"
	],
	"styles": [
		"./css/szimfonia.css"
	],
	"url": "https://github.com/JiDW/FVTT-Szimfonia",
	"manifest": "https://raw.githubusercontent.com/JiDW/FVTT-Szimfonia/master/module.json",
	"download": "https://raw.githubusercontent.com/JiDW/FVTT-Szimfonia/master/fvtt-szimfonia.zip"
}