{
	"name": "szimfonia-dice-roller",
	"title": "Szimfonia Dice Roller",
	"description": "Adds the ability to roll a Szimfonia die",
	"version": "1.0.5",
	"minimumCoreVersion" : "0.8.8",
	"compatibleCoreVersion" : "0.8.8",
	"author": "JDW, Jonny",
	"esmodules": [
		"./modules/szimfonia.js"
	],
	"styles": [
		"./css/szimfonia.css"
	],
	"url": "https://github.com/JiDW/FVTT-Szimfonia",
	"manifest": "https://raw.githubusercontent.com/JiDW/FVTT-Szimfonia/master/module.json",
	"download": "https://raw.githubusercontent.com/JiDW/FVTT-Szimfonia/master/fvtt-szimfonia.zip"
}